NAME,ROSTER DESIGNATION,CURRENT STATUS,CONTRACT THRU,OPTION YEARS,TYPE,Team,INTERNATIONAL
Luis Abram,TAM Player,,2025,2026,Main,ATL,True
Pedro Amador,,,2026,2027,Main,ATL,True
Josh Cohen,,,2025,2026,Main,ATL,False
Stian Gregersen,TAM Player,,2027,2028,Main,ATL,True
Brad Guzan,,,2024,2025,Main,ATL,False
Ronald Hernández,,,2024,2025,Main,ATL,False
Franco Ibarra,U22 Initiative,Unavailable - On Loan,2024,2025,Main,ATL,False
Brooks Lennon,TAM Player,,2025,2026,Main,ATL,False
Saba Lobjanidze,TAM Player,,2026,,Main,ATL,True
Dax McCarty,,,2024,2025,Main,ATL,False
Alexey Miranchuk,Designated Player,,2027,2028,Main,ATL,True
Edwin Mosquera,U22 Initiative,,2025,2026,Main,ATL,False
Tristan Muyumba,TAM Player,,2026,2027,Main,ATL,True
Daniel Rios,,,2024,,Main,ATL,False
Xande Silva,TAM Player,,2025,2026,Main,ATL,True
Bartosz Slisz,Designated Player,,2028,,Main,ATL,True
Santiago Sosa,U22 Initiative,Unavailable - On Loan,2024,2025,Main,ATL,False
Jamal Thiaré,TAM Player,,2024,2025,Main,ATL,True
Quentin Westberg,,,2024,,Main,ATL,False
Derrick Williams,,,2025,2026,Main,ATL,False
Luke Brennan,Homegrown Player,,2027,2028,Supplemental,ATL,False
Noah Cobb,Homegrown Player,,2026,2027,Supplemental,ATL,False
Matthew Edwards,Homegrown Player,,2025,"2026, 2027",Supplemental,ATL,False
Nick Firmino,,,2024,"2025, 2026",Supplemental,ATL,False
Ajani Fortune,Homegrown Player,,2024,"2025, 2026",Supplemental,ATL,False
Efrain Morales,Homegrown Player,,2024,"2025, 2026",Supplemental,ATL,False
Adyn Torres,Homegrown Player,,2027,2028,Supplemental,ATL,False
Tyler Wolff,Homegrown Player,,2024,2025,Supplemental,ATL,False
Erik Centeno,Generation adidas,Unavailable - On Loan,2024,"2025, 2026",Supplemental31,ATL,False
Guilherme Biro,,,2026,2027,Main,ATX,True
Osman Bukari,Designated Player,,2027,2028,Main,ATX,True
Julio Cascante,TAM Player,,2025,2026,Main,ATX,False
Stefan Cleveland,,,2025,2026,Main,ATX,False
Mikkel Desler,,,2027,2028,Main,ATX,True
Sebastián Driussi,Designated Player,,2025,2026,Main,ATX,False
Ethan Finlay,,,2024,2025,Main,ATX,False
Jon Gallagher,,,2026,2027,Main,ATX,False
Matt Hedges,TAM Player,,2024,"2025, 2026",Main,ATX,False
Brendan Hines-Ike,,,2025,2026,Main,ATX,False
Žan Kolmanič,U22 Initiative,,2025,2026,Main,ATX,False
Jáder Obrian,,,2026,2027,Main,ATX,True
Dani Pereira,,,2024,2025,Main,ATX,True
Alex Ring,TAM Player,,2024,2025,Main,ATX,False
Diego Rubio,,,2024,2025,Main,ATX,False
Brad Stuver,,,2025,2026,Main,ATX,False
Oleksandr Svatok,,,2027,2028,Main,ATX,True
Leo Väisänen,TAM Player,,2026,2027,Main,ATX,True
Jhojan Valencia,TAM Player,,2024,2025,Main,ATX,False
Gyasi Zardes,TAM Player,,2025,2026,Main,ATX,False
Matt Bersano,,,2024,2025,Supplemental,ATX,False
Micah Burton,Homegrown Player,,2027,2028,Supplemental,ATX,False
CJ Fodrey,Generation adidas,,2025,"2026, 2027",Supplemental,ATX,False
Hector Jimenez,,,2024,,Supplemental,ATX,False
Damian Las,Homegrown Player,Unavailable - On Loan,2026,2027,Supplemental,ATX,False
Owen Wolff,Homegrown Player,,2027,2028,Supplemental,ATX,False
Liel Abada,Young Designated Player,,2026,2027,Main,CLT,True
Ben Bender,,Unavailable - On Loan,2025,,Main,CLT,False
Pep Biel,Designated Player,Loan Player,2024,PT: 2026; 2027,Main,CLT,True
Brandt Bronico,,,2025,2026,Main,CLT,False
Nathan Byrne,TAM Player,,2024,2025,Main,CLT,False
Djibril Diani,,,2025,2026,Main,CLT,True
Kristijan Kahlina,TAM Player,,2024,2025,Main,CLT,False
Jaylin Lindsey,,,2024,2025,Main,CLT,False
Adilson Malanda,,,2026,2027,Main,CLT,True
Jamie Paterson,,,2024,2025,Main,CLT,True
João Pedro,,,2026,2027,Main,CLT,True
Nikola Petkovic,U22 Initiative,,2026,2027,Main,CLT,True
Tim Ream,TAM Player,,2026,2027,Main,CLT,False
Karol Swiderski,Designated Player,,2025,2026,Main,CLT,True
luri Tavares,,,2026,2027,Main,CLT,True
Idan Toklomati,U22 Initiative,,2027,2028,Main,CLT,True
Bill Tuiloma,,,2025,2026,Main,CLT,False
Jere Uronen,TAM Player,,2025,2026,Main,CLT,True
Júnior Urso,,,2024,2025,Main,CLT,True
Kerwin Vargas,U22 Initiative,,2027,2028,Main,CLT,False
Ashley Westwood,TAM Player,,2026,2027,Main,CLT,True
Patrick Agyemang,,,2024,"2025, 2026",Supplemental,CLT,False
Nimfasha Berchimas,Homegrown Player,,2026,2027,Supplemental,CLT,False
David Bingham,,,2025,,Supplemental,CLT,False
Brandon Cambridge,Homegrown Player,,2024,"2025, 2026",Supplemental,CLT,False
Hamady Diop,Generation adidas,Unavailable - On Loan,2024,"2025, 2026",Supplemental,CLT,False
Jahlane Forbes,,,2024,"2025, 2026, 2027",Supplemental,CLT,False
George Marks,,Unavailable - On Loan,2024,2025,Supplemental,CLT,False
Andrew Privett,,,2028,2029,Supplemental,CLT,False
Nicholas Scardina,,,2024,"2025, 2026",Supplemental,CLT,False
Tyger Smalls,,,2024,"2025, 2026, 2027",Supplemental,CLT,False
Chituru Odunze,31,Unavailable - On Loan,2027,2028,Supplenatal31,CLT,False
Jack Neeley,Homegrown Player,,2026,2027,Off,CLT,False
Brian Romero,Homegrown Player,,2026,2027,Off,CLT,False
Kellyn Acosta,TAM Player,,2026,2027,Main,CHI,False
Allan Arigoni,,Loan Player,2024,"PT: 2025; 2026, 2027",Main,CHI,True
Tom Barlow,,,2025,2026,Main,CHI,False
Chris Brady,Homegrown Player,,2026,2027,Main,CHI,False
Hugo Cuypers,Designated Player,,2026,2027,Main,CHI,True
Rafael Czichos,TAM Player,,2024,,Main,CHI,False
Gastón Giménez,Designated Player,,2025,,Main,CHI,False
Brian Gutiérrez,U22 Initiative,,2028,,Main,CHI,False
Andrew Gutman,,,2026,2027,Main,CHI,False
Maren Haile-Selassie,,,2026,,Main,CHI,True
Fabian Herbers,,,2024,,Main,CHI,False
Georgios Koutsias,U22 Initiative,,2026,2027,Main,CHI,True
Ariel Lassiter,,,2024,,Main,CHI,False
Chris Mueller,TAM Player,,2025,2026,Main,CHI,False
Federico Navarro,U22 Initiative,,2027,2028,Main,CHI,False
Wyatt Omsberg,,,2024,,Main,CHI,False
Mauricio Pineda,Homegrown Player,,2026,2027,Main,CHI,False
Tobias Salquist,TAM Player,,2025,2026,Main,CHI,True
Arnaud Souquet,TAM Player,,2025,,Main,CHI,False
Carlos Terán,,,2026,2027,Main,CHI,False
Victor Bezerra,Homegrown Player,Unavailable - On Loan,2024,2025,Supplemental,CHI,False
Javier Casas,Homegrown Player,,2024,"2025, 2026",Supplemental,CHI,False
Jonathan Dean,,,2024,2025,Supplemental,CHI,False
Bryan Dowd,,Unavailable - On Loan,2024,"2025, 2026, 2027",Supplemental,CHI,False
Jeffrey Gal,,,2024,2025,Supplemental,CHI,False
Chase Gasper,,,2025,,Supplemental,CHI,False
Sergio Oregel,Homegrown Player,,2025,2026,Supplemental,CHI,False
Justin Reynolds,Homegrown Player,,2026,2027,Supplemental,CHI,False
Spencer Richey,,,2024,,Supplemental,CHI,False
Missael Rodríguez,Homegrown Player,Unavailable - On Loan,2025,2026,Supplemental,CHI,False
Laurence Wootton,,Unavailable - On Loan,2024,"2025, 2026, 2027",Supplemental31,CHI,True
Luciano Acosta,Designated Player,,2026,2027,Main,CIN,False
Marco Angulo,U22 Initiative,Unavailable - On Loan,2025,"2026, 2027",Main,CIN,True
Chidozie Awaziem,TAM Player,,2025,"2026, 2027",Main,CIN,True
Corey Baird,TAM Player,,2025,2026,Main,CIN,False
Álvaro Barreal,TAM Player,Unavailable - On Loan,2024,2025,Main,CIN,False
Pavel Bucha,TAM Player,,2026,2027,Main,CIN,True
Roman Celentano,,,2027,,Main,CIN,False
Isaiah Foster,,,2024,"2025, 2026",Main,CIN,False
Nicholas Gioacchini,Designated Player,Loan Player,2024,,Main,CIN,False
Teenage Hadebe,TAM Player,,2025,2026,Main,CIN,True
Nick Hagglund,,,2024,,Main,CIN,False
Alec Kann,,,2025,,Main,CIN,False
Kevin Kelsy,U22 Initiative,Loan Player,2024,"PT: 2027; 2028, 2029",Main,CIN,True
Yuya Kubo,TAM Player,,2025,2026,Main,CIN,False
Evan Louro,,,2025,2026,Main,CIN,False
Matt Miazga,TAM Player,Unavailable - SEI,2025,2026,Main,CIN,False
Obinna Nwobodo,Designated Player,,2024,2025,Main,CIN,True
Luca Orellano,TAM Player,Loan Player,2024,PT: 2026; 2027,Main,CIN,True
Alvas Powell,,,2025,2026,Main,CIN,False
Miles Robinson,TAM Player,,2024,2025,Main,CIN,False
Sergio Santos,TAM Player,,2024,"2025, 2026",Main,CIN,False
DeAndre Yedlin,TAM Player,,2025,2026,Main,CIN,False
London Aghedo,,,2024,"2025, 2026",Supplemental,CIN,False
Yamil Asad,,,2024,2025,Supplemental,CIN,False
Bret Halsey,,,2024,"2025, 2026",Supplemental,CIN,False
Stiven Jimenez,Homegrown Player,,2025,"2026, 2027",Supplemental,CIN,False
Kipp Keller,,,2024,"2025, 2026",Supplemental,CIN,False
lan Murphy,,,2026,2027,Supplemental,CIN,False
Quimi Ordoñez,Homegrown Player,Unavailable - On Loan,2024,2025,Supplemental,CIN,False
Malik Pinto,,,2024,"2025, 2026",Supplemental,CIN,False
Gerardo Valenzuela,Homegrown Player,,2026,"2027, 2028",Supplemental,CIN,False
Paul Walters,Homegrown Player,,2026,2027,Supplemental,CIN,False
Joey Akpunonu,Generation adidas,Unavailable - On Loan,2024,"2025, 2026",Supplemental31,CIN,False
Lalas Abubakar,,,2024,2025,Main,COL,False
Cole Bassett,U22 Initiative,,2027,,Main,COL,False
Kévin Cabral,Designated Player,,2025,2026,Main,COL,True
Remi Cabral,,Unavailable - On Loan,2024,2025,Main,COL,True
Reggie Cannon,TAM Player,,2027,2028,Main,COL,False
Daniel Chacón,,Unavailable - Injured List,2025,2026,Main,COL,True
Omir Fernández,,,2026,2027,Main,COL,False
Calvin Harris,,,2024,2025,Main,COL,False
Jonathan Lewis,,,2024,,Main,COL,False
Jasper Löffelsend,,,2025,2026,Main,COL,False
Andreas Maxsø,TAM Player,,2025,2026,Main,COL,True
Djordje Mihailovic,Designated Player,,2027,2028,Main,COL,False
Miguel Navarro,,Unavailable - On Loan,2024,2025,Main,COL,False
Rafael Navarro,Designated Player,,2027,2028,Main,COL,True
Connor Ronan,,,2026,2027,Main,COL,True
Keegan Rosenberry,,,2024,2025,Main,COL,False
Zack Steffen,TAM Player,,2026,2027,Main,COL,False
Sam Vines,TAM Player,,2027,,Main,COL,False
Darren Yapi,,,2025,2026,Main,COL,False
Sebastian Anderson,Homegrown Player,,2024,"2025, 2026",Supplemental,COL,False
Ethan Bandré,,,2024,"2025, 2026",Supplemental,COL,False
Adam Beaudry,Homegrown Player,,2027,"2028, 2029",Supplemental,COL,False
Michael Edwards,Homegrown Player,,2024,2025,Supplemental,COL,False
Wayne Frederick,,,2026,"2027, 2028",Supplemental,COL,False
Nate Jones,,,2024,"2025, 2026, 2027",Supplemental,COL,False
Oliver Larraz,Homegrown Player,,2024,2025,Supplemental,COL,False
Kimani Stewart-Baynes,Generation adidas,,2026,"2027, 2028",Supplemental,COL,False
Jackson Travis,Homegrown Player,,2025,"2026, 2027",Supplemental,COL,False
Malte Amundsen,,,2027,,Main,CLB,False
Max Arfsten,,,2024,"2025, 2026",Main,CLB,False
Rudy Camacho,,,2025,,Main,CLB,True
Dylan Chambost,,,2026,2027,Main,CLB,True
Yevhen Cheberko,TAM Player,,June 2026,2026,Main,CLB,True
Mohamed Farsi,,,2027,2028,Main,CLB,True
Cucho Hernández,Designated Player,,2025,2026,Main,CLB,True
Andrés Herrera,TAM Player,Loan Player,June 2025,PT: 2027; 2028,Main,CLB,True
Marino Hinestroza,U22 Initiative,Unavailable - On Loan,2026,2027,Main,CLB,True
DeJuan Jones,TAM Player,,2027,,Main,CLB,False
Derrick Jones,,,2025,2026,Main,CLB,False
Alexandru Matan,U22 Initiative,,2024,,Main,CLB,True
Steven Moreira,TAM Player,,2025,2026,Main,CLB,True
Darlington Nagbe,Designated Player,,2025,2026,Main,CLB,False
Christian Ramírez,,,2024,2025,Main,CLB,False
Diego Rossi,Designated Player,,2026,2027,Main,CLB,False
Yaw Yeboah,TAM Player,,2024,2025,Main,CLB,True
Sean Zawadzki,Homegrown Player,,2027,,Main,CLB,False
Evan Bush,,,2024,,Supplement,CLB,False
Taha Habroune,Homegrown Player,,2027,2028,Supplement,CLB,False
Nicholas Hagen,,,2024,"2025, 2026",Supplement,CLB,False
Aziel Jackson,,,2024,2025,Supplement,CLB,False
Cole Mrowka,Homegrown Player,Unavailable - On Loan,2026,"2027, 2028",Supplement,CLB,False
Abraham Romero,,,2024,2025,Supplement,CLB,False
Jacen Russell-Rowe,Homegrown Player,,2024,"2025, 2026",Supplement,CLB,False
Patrick Schulte,Generation adidas,,2024,2025,Supplement,CLB,False
Keegan Hughes,Homegrown Player,Unavailable - On Loan,2024,"2025, 2026",Supplement31,CLB,False
Eugene Ansah,,,2024,2025,Main,FCD,True
Paul Arriola,TAM Player,,2025,2026,Main,FCD,False
Manuel Cafumana,,Loan Player,June 2025,,Main,FCD,True
Geovane de Jesus,U22 Initiative,,2026,2027,Main,FCD,True
Patrickson Delgado,,Loan Player,2024,,Main,FCD,True
Marco Farfan,,,2025,2026,Main,FCD,False
Jesús Ferreira,Designated Player,,2025,2026,Main,FCD,False
Liam Fraser,,Unavailable - SEI,2024,2025,Main,FCD,False
Sebastien Ibeagha,,,2024,"2025, 2026",Main,FCD,False
Asier Illarramendi,,,2024,,Main,FCD,True
Sam Junqua,,,2024,2025,Main,FCD,False
Bernard Kamungo,,,2025,"2026, 2027",Main,FCD,False
Sebastian Lletget,TAM Player,,2025,2026,Main,FCD,False
Petar Musa,Designated Player,,2027,2028,Main,FCD,True
Maarten Paes,,,2026,"2027, 2028",Main,FCD,False
Paxton Pomykal,TAM Player,Unavailable - SEI,2026,2027,Main,FCD,False
Ruan,,,2024,,Main,FCD,False
Enes Sali,U22 Initiative,,2027,2028,Main,FCD,True
Dante Sealy,,,2024,"2025, 2026",Main,FCD,False
Nkosi Tafari,,,2024,"2025, 2026",Main,FCD,False
Ema Twumasi,,,2024,"2025, 2026",Main,FCD,False
Alan Velasco,Young Designated Player,,2025,2026,Main,FCD,False
Antonio Carrera,Homegrown Player,,2024,"2025, 2026",Supplemental,FCD,False
Herbert Endeley,,,2024,"2025, 2026",Supplemental,FCD,False
Logan Farrington,,,2024,"2025, 2026, 2027",Supplemental,FCD,False
Omar Gonzalez,,,2024,2025,Supplemental,FCD,False
Amet Korça,,,2024,"2025, 2026",Supplemental,FCD,False
Jimmy Maurer,,,2024,,Supplemental,FCD,False
Nolan Norris,Homegrown Player,,2025,"2026, 2027",Supplemental,FCD,False
Tsiki Ntsabeleng,,,2024,2025,Supplemental,FCD,False
Tomas Pondeca,,,2025,"2026, 2027",Supplemental,FCD,False
Carl Sainté,,,2025,"2026, 2027",Supplemental,FCD,True
Isaiah Parker,Generation adidas,Unavailable - On Loan,2024,"2025, 2026",Supplemental31,FCD,False
Malik Henry-Scott,Homegrown Player,,2024,"2025, 2026, 2027",Off,FCD,False
Tarik Scott,Homegrown Player,,2025,"2026, 2027",Off,FCD,False
Alejandro Urzua,Homegrown Player,,2025,"2026, 2027, 2028",Off,FCD,False
Conner Antley,,,2025,2026,Main,DCU,False
Dominique Badji,,,2026,2027,Main,DCU,False
Christian Benteke,Designated Player,,2025,2026,Main,DCU,True
Alex Bono,,,2024,2025,Main,DCU,False
Russell Canouse,,,2024,,Main,DCU,False
Cristian Dájome,,,2024,2025,Main,DCU,True
Boris Enow,TAM Player,,2027,2028,Main,DCU,True
Aaron Herrera,,,2024,"2025, 2026",Main,DCU,False
Mateusz Klich,Designated Player,,2024,2025,Main,DCU,True
Theodore Ku-Dipietro,U22 Initiative,,2027,2028,Main,DCU,False
Christopher McVey,,,2024,2025,Main,DCU,False
Tyler Miller,,,2024,2025,Main,DCU,False
Matti Peltola,Young Designated Player,,2027,2028,Main,DCU,True
Gabriel Pirani,U22 Initiative,,2025,"2026, 2027",Main,DCU,False
Martín Rodríguez,TAM Player,,2024,2025,Main,DCU,True
Pedro Santos,TAM Player,,2024,,Main,DCU,False
David Schnegg,,,2026,2027,Main,DCU,True
Jared Stroud,,,2026,2027,Main,DCU,False
Luis Zamudio,,,2024,2025,Main,DCU,False
Matai Akinmboni,Homegrown Player,,2025,"2026, 2027",Supplemental,DCU,False
Lucas Bartlett,,,2027,2028,Supplemental,DCU,False
Nathan Crockford,,,2024,"2025, 2026, 2027",Supplemental,DCU,False
Kristian Fletcher,Homegrown Player,Unavailable - On Loan,2025,2026,Supplemental,DCU,False
Jeremy Garay,Homegrown Player,,2024,"2025, 2026",Supplemental,DCU,False
Jackson Hopkins,Homegrown Player,,2025,"2026, 2027",Supplemental,DCU,False
Jacob Murrell,,,2026,"2027, 2028",Supplemental,DCU,False
Hayden Sargis,,,2024,"2025, 2026",Supplemental,DCU,False
Garrison Tubbs,Homegrown Player,,2024,"2025, 2026, 2027",Supplemental,DCU,False
Ibrahim Aliyu,U22 Initiative,,2025,"2026, 2027",Main,HOU,True
Artur,TAM Player,,2025,"2026, 2027",Main,HOU,False
Exon Arzú,,,2026,"2027, 2028, 2029",Main,HOU,False
Ethan Bartlow,,,2025,2026,Main,HOU,False
Amine Bassi,TAM Player,,2024,"2025, 2026",Main,HOU,False
Latif Blessing,TAM Player,,2024,2025,Main,HOU,True
Adalberto Carrasquilla,TAM Player,,2025,"2026, 2027",Main,HOU,False
Steve Clark,TAM Player,,2024,2025,Main,HOU,False
Griffin Dorsey,,,2025,2026,Main,HOU,False
Lawrence Ennali,U22 Initiative,Unavailable - SEI,2026,2027,Main,HOU,True
Franco Escobar,,,2024,2025,Main,HOU,False
Sebastián Ferreira,Designated Player,,2025,2026,Main,HOU,False
Héctor Herrera,Designated Player,,2024,2025,Main,HOU,False
Sebastian Kowalczyk,TAM Player,,2024,"2025, 2026",Main,HOU,True
Micael,,,2024,"2025, 2026",Main,HOU,True
Junior Moreno,,,2024,2025,Main,HOU,False
Ezequiel Ponce,Designated Player,,June 2027,"2027, 2028",Main,HOU,True
Nelson Quiñones,U22 Initiative,Unavailable - SEI,2025,2026,Main,HOU,True
Brad Smith,,,2024," 2025, 2026",Main,HOU,False
Daniel Steres,,,2024,2025,Main,HOU,False
Erik Sviatchenko,Designated Player,,2024,2025,Main,HOU,True
Andrew Tarbell,,,2024,2025,Main,HOU,False
Stephen Annor Gyamfi,Generation adidas,Unavailable - On Loan,2025,"2026, 2027",Supplemental,HOU,True
McKinze Gaines,,,2024,,Supplemental,HOU,False
Ján Greguš,,,2024,2025,Supplemental,HOU,False
Brooklyn Raines,Homegrown Player,,2025,2026,Supplemental,HOU,False
Kieran Sargeant,Homegrown Player,,2025,"2026, 2027",Supplemental,HOU,False
Tate Schmitt,Homegrown Player,,2024,2025,Supplemental,HOU,False
Gabe Segal,,,2024,2025,Supplemental,HOU,False
Ousmane Sylla,,Unavailable - On Loan,2024,"2025, 2026, 2027",Supplemental,HOU,True
Xavier Valdez,Homegrown Player,,2024,2025,Supplemental,HOU,False
Jefferson Valverde,,,2025,"2026, 2027",Supplemental,HOU,True
Jordi Alba,TAM Player,,2024,2025,Main,MIA,True
Tomás Avilés,U22 Initiative,,2026,"2027, 2028",Main,MIA,True
Sergio Busquets,Designated Player,,2025,,Main,MIA,True
Drake Callender,,,2025,2026,Main,MIA,False
Leonardo Campana,TAM Player,,2027,2028,Main,MIA,False
Benjamin Cremaschi,U22 Initiative/ Homegrown Player,,2027,2028,Main,MIA,False
Facundo Farías,U22 Initiative,Unavailable - SEI,2026,"2027, 2028",Main,MIA,True
Nicolás Freire,TAM Player,"Loan Player, Unavailable – SEI",2024,,Main,MIA,True
Diego Gómez,TAM Player,,2026,2027,Main,MIA,True
Julian Gressel,TAM Player,,2026,2027,Main,MIA,False
Sergii Kryvtsov,TAM Player,,2024,2025,Main,MIA,False
David Martínez,TAM Player,Loan Player,July 2025,PT: 2027; 2028,Main,MIA,True
Lionel Messi,Designated Player,,2025,,Main,MIA,True
Franco Negri,,,2024,2025,Main,MIA,False
Federico Redondo,U22 Initiative,,2027,2028,Main,MIA,True
Emerson Rodríguez,U22 Initiative,Unavailable - On Loan,2025,2026,Main,MIA,False
Matías Rojas,,,2024,"2025, 2026",Main,MIA,True
Luis Suárez,TAM Player,,2024,,Main,MIA,True
Robert Taylor,,,2026,2027,Main,MIA,False
Óscar Ustari,,,2024,,Main,MIA,True
Marcelo Weigandt,,Loan Player,2024,PT: 2025,Main,MIA,True
Leo Afonso,,,2024,"2025, 2026, 2027",Supplemental,MIA,False
Noah Allen,Homegrown Player,,2025,"2026, 2027",Supplemental,MIA,False
Yannick Bright,,,2024,"2025, 2026, 2027",Supplemental,MIA,True
CJ dos Santos,,,2024,"2025, 2026",Supplemental,MIA,False
lan Fray,Homegrown Player,,2024,2025,Supplemental,MIA,False
Cole Jensen,,,2024,"2025, 2026",Supplemental,MIA,False
David Ruiz,Homegrown Player,,2025,"2026, 2027",Supplemental,MIA,False
Ryan Sailor,,,2024,2025,Supplemental,MIA,False
Lawson Sunderland,,,2024,"2025, 2026",Supplemental,MIA,False
Israel Boatwright,Homegrown Player,,2026,"2027, 2028",Off,MIA,False
Tyler Hall,Homegrown Player,,2027,2028,Off,MIA,False
Santiago Morales,Homegrown Player,,2027,2028,Off,MIA,False
Felipe Valencia,Homegrown Player,,2024,2025,Off,MIA,False
Tomás Ángel,,Unavailable - On Loan,2026,2027,Main,LAFC,True
Eduard Atuesta,TAM Player,Loan Player,2024,PT: 2027,Main,LAFC,True
Mateusz Bogusz,TAM Player,,2026,2027,Main,LAFC,True
Dénis Bouanga,Designated Player,,2027,2028,Main,LAFC,True
Omar Campos,U22 Initiative,,2027,2028,Main,LAFC,True
Maxime Chanot,,,2025,,Main,LAFC,False
Olivier Giroud,Designated Player,,2025,2026,Main,LAFC,True
Thomas Hasal,,,2025,2026,Main,LAFC,False
Ryan Hollingshead,,,2025,,Main,LAFC,False
Hugo Lloris,,,2024,"2025, 2026",Main,LAFC,True
Aaron Long,TAM Player,,2024,,Main,LAFC,False
Marlon,TAM Player,,2024,Jun-25,Main,LAFC,True
David Martínez,U22 Initiative,,2027,2028,Main,LAFC,True
Jesús Murillo,TAM Player,,2024,,Main,LAFC,False
Lewis O'Brien,TAM Player,Loan Player,2024,PT: 2027; 2028,Main,LAFC,True
Cristian Olivera,U22 Initiative,,2026,2027,Main,LAFC,True
Sergi Palencia,,,2024,2025,Main,LAFC,True
Ilie Sánchez,TAM Player,,2024,,Main,LAFC,False
Eddie Segura,,,2024,2026,Main,LAFC,False
Timothy Tillman,TAM Player,,2025,2026,Main,LAFC,False
Carlos Vela,,,2024,2025,Main,LAFC,False
Luca Bombino,Homegrown Player,,2025,"2026, 2027",Supplemental,LAFC,False
Lorenzo Dellavalle,,Unavailable - SEI,2026,2027,Supplemental,LAFC,True
Érik Dueñas,Homegrown Player,,2024,,Supplemental,LAFC,False
Kei Kamara,,,2024,2025,Supplemental,LAFC,False
Luis Müller,,,2024,"2025, 2026",Supplemental,LAFC,True
Tommy Musto,,,2024,"2025, 2026, 2027",Supplemental,LAFC,False
David Ochoa,,,2024,"2025, 2026",Supplemental,LAFC,False
Nathan Ordaz,Homegrown Player,,2025,2026,Supplemental,LAFC,False
Diego Rosales,,,2024,"2025, 2026, 2027",Supplemental,LAFC,False
Adrian Wibowo,Homegrown Player,,2024,"2025, 2026, 2027",Supplemental,LAFC,False
Bajung Darboe,Homegrown Player,Unavailable - On Loan,2026,2027,Supplemental31,LAFC,False
Julián Aude,U22 Initiative,,2027,,Main,LAG,True
Miguel Berry,,,2025,2026,Main,LAG,False
Gastón Brugman,TAM Player,,2025,2026,Main,LAG,False
Martín Cáceres,,,2024,2025,Main,LAG,True
Edwin Cerrillo,,,2026,2027,Main,LAG,False
Mark Delgado,TAM Player,,2024,2025,Main,LAG,False
Diego Fagúndez,TAM Player,,2025,2026,Main,LAG,False
Emiro Garces,TAM Player,,2028,,Main,LAG,True
Dejan Joveljic,U22 Initiative,,2025,,Main,LAG,True
John McCarthy,,,2025,,Main,LAG,False
Novak Micovic,,,2026,2027,Main,LAG,True
John Nelson,,,2025,2026,Main,LAG,False
Joseph Paintsil,Designated Player,,2027,,Main,LAG,True
Gabriel Pec,Young Designated Player,,2028,,Main,LAG,True
Riqui Puig,Designated Player,,2027,,Main,LAG,True
Marco Reus,TAM Player,,2026,,Main,LAG,True
Miki Yamane,TAM Player,,2026,,Main,LAG,True
Maya Yoshida,TAM Player,,2024,,Main,LAG,True
Aaron Bibout,,Unavailable - On Loan,2025,"2026, 2027",Supplemental,LAG,True
Mauricio Cuevas,Homegrown Player,,2025,"2026, 2027",Supplemental,LAG,False
Tucker Lepley,,,2024,"2025, 2026, 2027",Supplemental,LAG,False
Jalen Neal,Homegrown Player,,2024,2025,Supplemental,LAG,False
Isaiah Parente,,,2024,"2025, 2026",Supplemental,LAG,False
Ruben Ramos Jr.,Homegrown Player,,2027,2028,Supplemental,LAG,False
Brady Scott,,,2024,"2025, 2026",Supplemental,LAG,False
Gino Vivi,,Unavailable - On Loan,2024,"2025, 2026",Supplemental,LAG,True
Eriq Zavaleta,,,2024,,Supplemental,LAG,False
Michael Boxall,,,2024,,Main,MIN,False
Alejandro Bran,,Unavailable - On Loan,2025,"2026, 2027",Main,MIN,True
Ethan Bristow,,Unavailable - SEI,2025,2026,Main,MIN,True
Jefferson Diaz,,,2026,2027,Main,MIN,True
Derek Dodson,,Unavailable - On Loan,2024,"2025, 2026",Main,MIN,False
Hassani Dotson,,,2024,2025,Main,MIN,False
Franco Fragapane,TAM Player,,2024,,Main,MIN,False
Bongokuhle Hlongwane,U22 Initiative,,2024,2025,Main,MIN,False
Clint Irwin,,,2024,2025,Main,MIN,False
Sang Bin Jeong,U22 Initiative,,2025,2026,Main,MIN,True
Matúš Kmeť,,,2026,2027,Main,MIN,True
Robin Lod,TAM Player,,2025,2026,Main,MIN,False
Anthony Markanich Jr,,,2024,2025,Main,MIN,False
Mikael Marques,,Unavailable - On Loan,2025,2026,Main,MIN,True
Joaquín Pereyra,Designated Player,,2027,2028,Main,MIN,True
Teemu Pukki,Designated Player,,June 2025,2025,Main,MIN,True
Dayne St. Clair,,,2024,2025,Main,MIN,False
Miguel Tapias,TAM Player,,2025,2026,Main,MIN,False
DJ Taylor,,,2025,2026,Main,MIN,False
Wil Trapp,,,2024,2025,Main,MIN,False
Patrick Weah,Homegrown Player,Unavailable - On Loan,2024,2025,Main,MIN,False
Kelvin Yeboah,Designated Player,,2027,2028,Main,MIN,True
Jordan Adebayo-Smith,,,2026,2027,Supplemental,MIN,False
Hugo Bacharach,,,2024,"2025, 2026, 2027",Supplemental,MIN,True
Morris Duggan,,Unavailable - On Loan,2024,"2025, 2026, 2027",Supplemental,MIN,True
Carlos Harvey,,,2025,2026,Supplemental,MIN,False
Loïc Mesanvi,,,2025,"2026, 2027",Supplemental,MIN,False
Moses Nyeman,,,2024,"2025, 2026",Supplemental,MIN,False
Tanitoluwa Oluwaseyi,,,2024,2025,Supplemental,MIN,False
Devin Padelford,Homegrown Player,,2024,"2025, 2026",Supplemental,MIN,False
Joseph Rosales,,,2027,2028,Supplemental,MIN,False
Samuel Shashoua,,,2024,"2025, 2026",Supplemental,MIN,False
Zarek Valentin,,,2024,,Supplemental,MIN,False
Fernando Álvarez,,,2025,"2026, 2027",Main,MTL,False
Dawid Bugaj,,,2026,"2027, 2028",Main,MTL,True
George Campbell,U22 Initiative,,2025,2026,Main,MTL,False
Matías Cóccaro,TAM Player,,2026,"2027, 2028",Main,MTL,True
Gabriele Corbo,,,2024,2025,Main,MTL,True
Bryce Duke,,,2025,2026,Main,MTL,False
Raheem Edwards,,,2024,2025,Main,MTL,False
Dominic lankov,TAM Player,,2026,"2027, 2028",Main,MTL,False
Sunusi Ibrahim,U22 Initiative,,2026,2027,Main,MTL,True
Lassi Lappalainen,TAM Player,,2024,2025,Main,MTL,True
Jahkeele Marshall-Rutty,,,2027,2028,Main,MTL,False
Josef Martínez,TAM Player,,2024,2025,Main,MTL,False
Kwadwo Opoku,TAM Player,,2026,2027,Main,MTL,True
Tom Pearce,,,2026,2027,Main,MTL,True
Samuel Piette,,,2025,2026,Main,MTL,False
Joaquín Sosa,U22 Initiative,Loan Player,2024,,Main,MTL,True
Róbert Thorkelsson,,Unavailable - On Loan,2024,2025,Main,MTL,True
Victor Wanyama,Designated Player,,2024,,Main,MTL,True
Joel Waterman,,,2024,2025,Main,MTL,False
Alessandro Biello,Homegrown Player,,2025,"2026, 2027, 2028",Supplemental,MTL,False
Sebastian Breza,,,2025,"2026, 2027",Supplemental,MTL,False
Caden Clark,,,2025,"2026, 2027",Supplemental,MTL,False
Grayson Doody,,Unavailable - On Loan,2024,"2025, 2026, 2027",Supplemental,MTL,False
Ilias Iliadis,,Unavailable - On Loan,2024,"2025, 2026",Supplemental,MTL,False
Ousman Jabang,,Unavailable - On Loan,2024,"2025, 2026",Supplemental,MTL,False
Logan Ketterer,,,2024,,Supplemental,MTL,False
Nathan Saliba,Homegrown Player,,2024,"2025, 2026",Supplemental,MTL,False
Jonathan Sirois,Homegrown Player,,2026,2027,Supplemental,MTL,False
Jules-Anthony Vilsaint,,,2024,"2025, 2026",Supplemental,MTL,False
Rida Zouhir,Homegrown Player,Unavailable - On Loan,2024,2025,Supplemental,MTL,False
Matteo Schiavoni,,Unavailable - On Loan,2024,"2025, 2026, 2027",Supplemental31,MTL,False
Brian Anunga,,,2024,2025,Main,NSH,False
Tyler Boyd,TAM Player,Unavailable - SEI,2026,2027,Main,NSH,False
Teal Bunbury,,,2025,,Main,NSH,False
Sean Davis,TAM Player,,2025,2026,Main,NSH,False
Aníbal Godoy,TAM Player,,2024,2025,Main,NSH,False
Randall Leal,TAM Player,,2025,2026,Main,NSH,False
Daniel Lovitz,,,2025,2026,Main,NSH,False
Lukas MacNaughton,,,2024,2025,Main,NSH,True
Jack Maher,TAM Player,,2027,,Main,NSH,False
Shaq Moore,TAM Player,,2025,2026,Main,NSH,False
Hany Mukhtar,Designated Player,,2026,2027,Main,NSH,False
Alex Muyl,,,2025,2026,Main,NSH,False
Elliot Panicco,,,2025,"2026, 2027",Main,NSH,False
Jonathan Pérez,,Loan Player,2025,PT: 2026; 2027,Main,NSH,False
Jacob Shaffelburg,,,2026,2027,Main,NSH,True
Sam Surridge,Designated Player,,2026,2027,Main,NSH,True
Joe Willis,,,2025,2026,Main,NSH,False
Patrick Yazbek,U22 Initiative,,2027,2028,Main,NSH,True
Dru Yearwood,U22 Initiative,,2024,,Main,NSH,False
Walker Zimmerman,Designated Player,,2025,,Main,NSH,False
Forster Ajago,,,2024,"2025, 2026, 2027",Supplemental,NSH,True
Josh Bauer,,,2024,,Supplemental,NSH,False
Julian Gaines,,,2024,"2025, 2026",Supplemental,NSH,False
Brent Kallman,,,2024,,Supplemental,NSH,False
Ben Martino,Homegrown Player,,2024,"2025, 2026",Supplemental,NSH,False
Amar Sejdić,,,2024,2025,Supplemental,NSH,False
Joey Skinner,Generation adidas,,2024,"2025, 2026",Supplemental,NSH,False
Taylor Washington,,,2025,,Supplemental,NSH,False
Woobens Pacius,,Unavailable - On Loan,2025,"2026, 2027",Supplemental31,NSH,True
Isaiah Jones,Homegrown Player,,2027,2028,Off,NSH,False
Adem Sipic,Homegrown Player,,2027,2028,,NSH,False
Xavier Arreaga,TAM Player,,2024,2025.0,Main,NER,False
Emmanuel Boateng,,,2024,2025.0,Main,NER,False
Dylan Borrero,U22 Initiative,,2024,2025.0,Main,NER,True
Brandon Bye,,,2024,2025.0,Main,NER,False
Tomás Chancalay,Designated Player,Unavailable - SEI,2026,2027.0,Main,NER,True
Andrew Farrell,TAM Player,,2024,2025.0,Main,NER,False
Carles Gil,Designated Player,,2026,2027.0,Main,NER,False
Nacho Gil,,,2024,2025.0,Main,NER,True
lan Harkes,,,2025,,Main,NER,False
Mark-Anthony Kaye,TAM Player,,2025,2026.0,Main,NER,False
Luca Langoni,U22 Initiative,,2027,2028.0,Main,NER,True
Nick Lima,,,2024,,Main,NER,False
Tommy McNamara,,,2024,2025.0,Main,NER,False
Jonathan Mensah,,,2024,2025.0,Main,NER,False
Tim Parker,TAM Player,,2024,,Main,NER,False
Matt Polster,,,2024,2025.0,Main,NER,False
Dave Romney,TAM Player,,2024,2025.0,Main,NER,False
Will Sands,,,2024,2025.0,Main,NER,False
Giacomo Vrioni,Designated Player,,2025,2026.0,Main,NER,False
Bobby Wood,,,2024,,Main,NER,False
Alhassan Yusuf,TAM Player,,2027,2028.0,Main,NER,True
Esmir Bajraktarevic,Homegrown Player,,2025,2026.0,Supplemental,NER,False
Noel Buck,Homegrown Player,Unavailable - On Loan,2025,2026.0,Supplemental,NER,False
Earl Edwards Jr.,,,2024,2025.0,Supplemental,NER,False
Malcolm Fry,Homegrown Player,,2026,2027.0,Supplemental,NER,False
Aljaž Ivačič,,,2025,2026.0,Supplemental,NER,True
Peyton Miller,Homegrown Player,,2027,2028.0,Supplemental,NER,False
Jack Panayotou,Homegrown Player,Unavailable - On Loan,2026,2027.0,Supplemental,NER,False
Damian Rivera,Homegrown Player,Unavailable - On Loan,2024,,Supplemental,NER,False
Ryan Spaulding,,,2024,,Supplemental,NER,False
Santiago Suárez,Homegrown Player,,2026,2027.0,Supplemental,NER,False
Nicolás Acevedo,U22 Initiative,Unavailable - On Loan,2025,2026,Main,NYC,False
Thiago Andrade,TAM Player,Unavailable - On Loan,2024,2025,Main,NYC,False
Mounsef Bakrar,TAM Player,,2026,2027,Main,NYC,True
Luis Barraza,,,2024,2025,Main,NYC,False
Julián Fernández,U22 Initiative,,2027,2028,Main,NYC,True
Matt Freese,,,2026,2027,Main,NYC,False
Tayvon Gray,,,2025,2026,Main,NYC,False
Mitja llenic,,,2026,2027,Main,NYC,True
Talles Magno,Young Designated Player,Unavailable - On Loan,2027,,Main,NYC,False
Alonso Martínez,,,2025,"2026, 2027",Main,NYC,True
Thiago Martins,Designated Player,,2025,2026,Main,NYC,False
Jovan Mijatović,U22 Initiative,,2028,2029,Main,NYC,True
Maximiliano Moralez,,,2024,,Main,NYC,True
Agustín Ojeda,U22 Initiative,,2028,2029,Main,NYC,True
Kevin O'Toole,,,2025,2026,Main,NYC,False
Keaton Parks,TAM Player,,2026,"2027, 2028",Main,NYC,False
Andrés Perea,,,2025,2026,Main,NYC,False
Birk Risa,,,2025,2026,Main,NYC,True
Santiago Rodríguez,Designated Player,,2027,,Main,NYC,False
James Sands,TAM Player,,2027,,Main,NYC,False
Strahinja Tanasijević,,,2025,"2026, 2027",Main,NYC,True
Hannes Wolf,TAM Player,,2027,2028,Main,NYC,True
Justin Haak,Homegrown Player,,2025,,Supplemental,NYC,False
Rio Hope-Gund,,,2024,"2025, 2026",Supplemental,NYC,False
Malachi Jones,,,2025,"2026, 2027",Supplemental,NYC,False
Christian McFarlane,Homegrown Player,,2026,2027,Supplemental,NYC,False
Tomás Romero,,,2024,"2025, 2026",Supplemental,NYC,False
Andrew Baiera,Homegrown Player,,2027,2028,Off,NYC,False
Maximo Carrizo,Homegrown Player,,2027,2028,Off,NYC,False
Alex Rando,Homegrown Player,,2024,"2025, 2026, 2027",Off,NYC,False
Jonathan Shore,Homegrown Player,,2027,2028,Off,NYC,False
Zidane Yañez,Homegrown Player,,2028,2029,Off,NYC,False
Cory Burke,,,2024,2025,Main,NYRB,False
Felipe Carballo,Designated Player,Loan Player,June 2025,PT: 2027; 2028,Main,NYRB,True
Carlos Coronel,,,2024,2025,Main,NYRB,False
Ronald Donkor,,,2026,2027,Main,NYRB,True
Kyle Duncan,TAM Player,,2025,2026,Main,NYRB,False
Daniel Edelman,,,2027,2028,Main,NYRB,False
Noah Eile,U22 Initiative,,2027,2028,Main,NYRB,True
Emil Forsberg,Designated Player,,2026,2027,Main,NYRB,True
Dennis Gjengaar,U22 Initiative,,2027,2028,Main,NYRB,True
Cameron Harper,,,2027,2028,Main,NYRB,False
Juan José Mina,,Unavailable - On Loan,2026,2027,Main,NYRB,True
Elias Manoel,TAM Player,,2025,2026,Main,NYRB,True
Ryan Meara,,,2024,2025,Main,NYRB,False
Lewis Morgan,TAM Player,,2025,2026,Main,NYRB,True
Dylan Nealis,,,2027,2028,Main,NYRB,False
Sean Nealis,,,2025,2026,Main,NYRB,False
Andrés Reyes,TAM Player,,2026,2027,Main,NYRB,False
John Tolkin,,,2027,2028,Main,NYRB,False
Dante Vanzeir,Designated Player,,2026,2027,Main,NYRB,True
Wikelman Carmona,,,2027,2028,Supplemental,NYRB,False
Julian Hall,Homegrown Player,,2026,2027,Supplemental,NYRB,False
AJ Marcucci,,Unavailable - On Loan,2025,"2026, 2027",Supplemental,NYRB,False
Roald Mitchell,Homegrown Player,,2026,"2027, 2028",Supplemental,NYRB,False
Serge Ngoma Jr.,Homegrown Player,,2025,2026,Supplemental,NYRB,False
Aidan O'Connor,,,2024,"2025, 2026, 2027",Supplemental,NYRB,False
Curtis Ofori,Homegrown Player,,2025,2026,Supplemental,NYRB,False
Mohammed Sofo,,,2026,"2027, 2028",Supplemental,NYRB,True
Aidan Stokes,Homegrown Player,,2027,2028,Supplemental,NYRB,False
Peter Stroud,Homegrown Player,,2025,"2026, 2027",Supplemental,NYRB,False
Davi Alexandre,Homegrown Player,Unavailable - On Loan,2026,2027,Supplemental31,NYRB,False
Iván Angulo,,,2025,2026,Main,ORL,True
César Araújo,TAM Player,,2024,2025,Main,ORL,False
David Brekalo,TAM Player,,2027,2028,Main,ORL,True
Wilder Cartagena,,,2025,,Main,ORL,True
Ramiro Enrique,U22 Initiative,,2025,"2026, 2027",Main,ORL,True
Felipe,,,2024,,Main,ORL,False
Pedro Gallese,TAM Player,,2024,2025,Main,ORL,True
Heine Gikling Bruseth,U22 Initiative,,2026,"2027, 2028",Main,ORL,True
Gastón González,U22 Initiative,Unavailable - On Loan,2024,"2025, 2026, 2027",Main,ORL,False
Michael Halliday,,,2025,"2026, 2027",Main,ORL,False
Robin Jansson,,,2025,2026,Main,ORL,False
Nicolás Lodeiro,TAM Player,,2024,2025,Main,ORL,False
Duncan McGuire,,,2027,2028,Main,ORL,False
Luis Muriel,Designated Player,,2026,,Main,ORL,True
Martín Ojeda,Designated Player,,2025,"2026, 2027",Main,ORL,False
Rafael Santos,,,2024,"2025, 2026",Main,ORL,False
Rodrigo Schlegel,,,2024,"2025, 2026",Main,ORL,False
Kyle Smith,,,2023,2024,Main,ORL,False
Dagur Dan Thórhallsson,,,2026,2027,Main,ORL,False
Facundo Torres,Designated Player,,2026,"2027, 2028",Main,ORL,False
Alexander Freeman,Homegrown Player,,2025,2026,Supplemental,ORL,False
Jeorgio Kocevski,,,2024,"2025, 2026, 2027",Supplemental,ORL,False
Favian Loyola,Homegrown Player,,2025,"2026, 2027",Supplemental,ORL,False
Jack Lynn,,,2024,2025,Supplemental,ORL,False
Shakur Mohammed,Generation adidas,,2025,"2026, 2027",Supplemental,ORL,True
Javier Otero,Homegrown Player,,2024,"2025, 2026",Supplemental,ORL,False
Luca Petrasso,Homegrown Player,,2024,2025,Supplemental,ORL,False
Mason Stajduhar,Homegrown Player,Unavailable - SEI,2025,2026,Supplemental,ORL,False
Yutaro Tsukada,,,2025,"2026, 2027",Supplemental,ORL,False
Thomas Williams,Homegrown Player,,2024,2025,Supplemental,ORL,False
Tahir Reid-Brown,Homegrown Player,,2027,2028,Off,ORL,False
Abdi Salim,,Unavailable - On Loan,2024,"2025, 2026",Off,ORL,False
Markus Anderson,,,2026,"2027, 2028",Main,PHI,False
Tai Baribo,TAM Player,,2025,2026,Main,PHI,True
Alejandro Bedoya,Player Professional Development Role,,2024,,Main,PHI,False
Jamir Berdecio,,Loan Player,2024,PT: 2027; 2028,Main,PHI,False
Andre Blake,TAM Player,,2026,2027,Main,PHI,False
Jesús Bueno,,,2026,2027,Main,PHI,True
Chris Donovan,,,2025,"2026, 2027",Main,PHI,False
Jack Elliott,TAM Player,,2024,2025,Main,PHI,False
Leon Flach,,,2024,,Main,PHI,False
Dániel Gazdag,Designated Player,,2025,2026,Main,PHI,False
Jakob Glesnes,TAM Player,,2025,2026,Main,PHI,False
Nathan Harriel,Homegrown Player,,2025,"2026, 2027",Main,PHI,False
Danley Jean Jacques,TAM Player,,2026,"2027, 2028",Main,PHI,True
Olwethu Makhanya,U22 Initiative,,2025,"2026, 2027",Main,PHI,True
Olivier Mbaizo,,,2024,2025,Main,PHI,False
Jack McGlynn,,,2025,"2026, 2027",Main,PHI,False
Matt Real,Homegrown Player,Unavailable - On Loan,2024,2025,Main,PHI,False
Oliver Semmle,,,2025,2026,Main,PHI,True
Quinn Sullivan,Homegrown Player,,2024,2025,Main,PHI,False
Joaquin Torres,,Unavailable - On Loan,2024,2025,Main,PHI,True
Mikael Uhre,Designated Player,,2024,2025,Main,PHI,False
Kai Wagner,TAM Player,,2026,2027,Main,PHI,False
Sam Adeniran,,,2024,,Supplemental,PHI,False
Brandan Craig,Homegrown Player,Unavailable - On Loan,2024,2025,Supplemental,PHI,False
Isaiah LeFlore,,,2024,"2025, 2026, 2027",Supplemental,PHI,False
CJ Olney,Homegrown Player,,2028,2029,Supplemental,PHI,False
Nelson Pierre,Homegrown Player,Unavailable - On Loan,2026,2027,Supplemental,PHI,False
Jeremy Rafanello,Homegrown Player,,2024,2025,Supplemental,PHI,False
Andrew Rick,Homegrown Player,,2028,2029,Supplemental,PHI,False
Cavan Sullivan,Homegrown Player,,2028,,Supplemental,PHI,False
Holden Trent,,,2024,"2025, 2026",Supplemental,PHI,False
David Vazquez,Homegrown Player,,2027,2028,Supplemental,PHI,False
Nicholas Pariano,Homegrown Player,Unavailable - On Loan,2025,"2026, 2027",Supplemental31,PHI,False
Nelson Pierre,Homegrown Player,Unavailable - On Loan,2026,2027,Off,PHI,False
Antony,U22 Initiative,,2026,2027,Main,POR,True
Miguel Araujo,TAM Player,,2025,2026,Main,POR,True
Maximiliano David Ayala,U22 Initiative,,2025,2026,Main,POR,False
Claudio Bravo,TAM Player,,2026,2027,Main,POR,False
Diego Chara,TAM Player,,2024,,Main,POR,False
Maxime Crépeau,,,2025,2026,Main,POR,False
Evander,Designated Player,,2026,2027,Main,POR,True
Marvin Loría,,,2024,2025,Main,POR,False
Zac McGraw,,,2025,2026,Main,POR,False
Kamal Miller,TAM Player,,2026,2027,Main,POR,False
Felipe Mora,TAM Player,,2025,2026,Main,POR,False
Santiago Moreno,U22 Initiative,,2026,2027,Main,POR,False
Juan Mosquera,TAM Player,,2027,2028,Main,POR,False
Cristhian Paredes,,,2025,2026,Main,POR,False
Jonathan Rodríguez,Designated Player,,2026,2027,Main,POR,True
Finn Surman,,,2026,2027,Main,POR,True
Mason Toye,,,2024,2025,Main,POR,False
Eryk Williamson,Homegrown Player,,2025,,Main,POR,False
Dario Zuparic,TAM Player,,2025,,Main,POR,False
Tega Ikoba,Homegrown Player,,2024,"2025, 2026",Supplemental,POR,False
Eric Miller,,,2025,,Supplemental,POR,False
Trey Muse,,,2025,2026,Supplemental,POR,False
James Pantemis,,,2025,2026,Supplemental,POR,True
Hunter Sulte,Homegrown Player,Unavailable - On Loan,2024,2025,Supplemental,POR,False
Cristian Arango,Designated Player,,2025,2026,Main,RSL,False
Andrew Brody,,,2024,2025,Main,RSL,False
Lachlan Brook,,,2025,"2026, 2027",Main,RSL,True
Maikel Chang,,,2024,,Main,RSL,False
Matt Crooks,TAM Player,,2026,,Main,RSL,True
Emeka Eneli,,,2028,2029,Main,RSL,False
Justen Glad,TAM Player,,2026,2027,Main,RSL,False
Diogo Gonçalves,Designated Player,,2026,"2027, 2028",Main,RSL,True
Erik Holt,,,2024,2025,Main,RSL,False
Anderson Julio,TAM Player,,2024,"2025, 2026",Main,RSL,True
Alexandros Katranis,,,2025,"2026, 2027",Main,RSL,True
Kevon Lambert,,Unavailable - On Loan,2025,2026,Main,RSL,True
Diego Luna,U22 Initiative,,2026,"2027, 2028",Main,RSL,False
Zac MacMath,,,2025,,Main,RSL,False
Dominik Marczuk,U22 Initiative,,2027,2028,Main,RSL,True
Benji Michel,,,2024,"2025, 2026",Main,RSL,False
Braian Ojeda,U22 Initiative,,2025,"2026, 2027",Main,RSL,True
Nelson Palacio,U22 Initiative,,2026,"2027, 2028",Main,RSL,True
Rubio Rubín,TAM Player,Unavailable - On Loan,2024,2025,Main,RSL,False
Pablo Ruiz,TAM Player,Unavailable - SEI,2026,"2027, 2028",Main,RSL,False
Marcelo Silva,,,2024,,Main,RSL,False
Brayan Vera,TAM Player,,2025,"2026, 2027",Main,RSL,False
Gavin Beavers,Homegrown Player,,2024,"2025, 2026, 2027",Supplemental,RSL,False
Matthew Bell,,Unavailable - On Loan,2025,"2026, 2027",Supplemental,RSL,True
Kevin Bonilla,,Unavailable - Other,2024,"2025, 2026, 2027",Supplemental,RSL,False
Javain Brown,,,2024,2025,Supplemental,RSL,True
Noel Caliskan,,,2024,"2025, 2026, 2027",Supplemental,RSL,True
Tomás Gómez,,Unavailable - On Loan,2024,,Supplemental,RSL,False
Zavier Gozo,Homegrown Player,,2027,"2028, 2029",Supplemental,RSL,False
Bode Hidalgo,Homegrown Player,,2027,"2028, 2029",Supplemental,RSL,False
Bertin Jacquesson,Generation adidas,Unavailable - On Loan,2024,"2025, 2026",Supplemental,RSL,True
Jaziel Orozco,Homegrown Player,,2024,"2025, 2026",Supplemental,RSL,False
Ilijah Paul,Generation adidas,Unavailable - On Loan,2024,"2025, 2026",Supplemental,RSL,False
Philip Quinton,,,2024,"2025, 2026",Supplemental,RSL,False
Tommy Silva,Homegrown Player,,2024,"2025, 2026, 2027",Supplemental,RSL,False
Delentz Pierre,Homegrown Player,Unavailable - On Loan,2024,"2025, 2026",Supplemental31,RSL,False
Zack Farnsworth,Homegrown Player,,2024,"2025, 2026",Off,RSL,False
Axel Kei,Homegrown Player,,2025,2026,Off,RSL,False
Luca Moisa,Homegrown Player,,2027,2028,Off,RSL,False
Luis Rivera,Homegrown Player,,2026,2027,Off,RSL,False
Jude Wellings,Homegrown Player,Unavailable - On Loan,2025,2026,Off,RSL,False
Carlos Akapo,,,2024,,Main,SJE,True
Tanner Beason,,,2024,2025,Main,SJE,False
Ousseni Bouda,,,2024,2025,Main,SJE,False
Vitor Costa,,,2025,2026,Main,SJE,True
Daniel,TAM Player,,2024,2025,Main,SJE,True
Jeremy Ebobisse,TAM Player,,2024,2025,Main,SJE,False
Cristian Espinoza,Designated Player,,2025,2026,Main,SJE,False
Carlos Gruezo,Designated Player,,2025,2026,Main,SJE,False
Benji Kikanovic,,,2025,2026,Main,SJE,False
Hernán López,Designated Player,,2026,"2027, 2028",Main,SJE,True
JT Marcinkowski,,Unavailable - SEI,2024,2025,Main,SJE,False
Paul Marie,,,2026,,Main,SJE,False
Alfredo Morales,,,2024,2025,Main,SJE,False
Amahl Pellegrino,TAM Player,,2025,,Main,SJE,True
Rodrigues,TAM Player,,2025,2026,Main,SJE,True
Jack Skahan,,,2025,2026,Main,SJE,False
Bruno Wilson,TAM Player,,2025,2026,Main,SJE,True
William Yarbrough,,,2024,2025,Main,SJE,False
Jackson Yueill,TAM Player,,2024,,Main,SJE,False
Michael Baldisimo,Homegrown Player,,2024,,Supplemental,SJE,False
Jacob Jackson,,,2024,2025,Supplemental,SJE,False
Preston Judd,,,2024,,Supplemental,SJE,False
Daniel Munie,,,2024,"2025, 2026",Supplemental,SJE,False
Emmanuel Ochoa,Homegrown Player,,2027,"2028, 2029",Supplemental,SJE,False
Will Richmond,Homegrown Player,,2024,2025,Supplemental,SJE,False
Jamar Ricketts,,,2024,"2025, 2026, 2027",Supplemental,SJE,False
Tommy Thompson,Homegrown Player,,2024,2025,Supplemental,SJE,False
Niko Tsakiris,Homegrown Player,,2025,2026,Supplemental,SJE,False
Oscar Verhoeven,Homegrown Player,,2025,"2026, 2027",Supplemental,SJE,False
Casey Walls,Homegrown Player,,2024,,Supplemental,SJE,False
Chance Cowell,Homegrown Player,,2027,2028,Off,SJE,False
Cruz Medina,Homegrown Player,,2026,2027,Off,SJE,False
Edwyn Mendoza,Homegrown Player,,2027,2028,Off,SJE,False
Josh Atencio,U22 Initiative,,2027,2028,Main,SEA,False
Léo Chú,U22 Initiative,,2024,2025,Main,SEA,False
Pedro de la Vega,Young Designated Player,,2027,2028,Main,SEA,True
Stefan Frei,,,2025,,Main,SEA,False
Yéimar Gomez Andrade,| TAM Player,,2025,2026,Main,SEA,False
Danny Leyva,,,2026,2027,Main,SEA,False
Georgi Minoungou,Special Discovery Player,,2028,2029,Main,SEA,True
Jordan Morris,TAM Player,,2027,,Main,SEA,False
Danny Musovski,,,2025,2026,Main,SEA,False
Nathan,,,2024,2025,Main,SEA,False
Nouhou,,,2025,2026,Main,SEA,False
João Paulo,TAM Player,,2024,,Main,SEA,False
Jackson Ragen,,,2024,,Main,SEA,False
Alex Roldan,,,2026,2027,Main,SEA,False
Cristian Roldan,TAM Player,,2027,,Main,SEA,False
Raúl Ruidíaz,Designated Player,,2024,,Main,SEA,False
Albert Rusnák,Designated Player,,2024,,Main,SEA,False
Andrew Thomas,,,2027,"2028, 2029",Main,SEA,False
Cody Baker,Homegrown Player,,2026,"2027, 2028",Supplemental,SEA,False
Reed Baker-Whiting,Homegrown Player,,2024,2025,Supplemental,SEA,False
Jon Bell,,,2024,2025,Supplemental,SEA,False
Jacob Castro,Homegrown Player,,2024,"2025, 2026",Supplemental,SEA,False
Stuart Hawkins,Homegrown Player,,2026,"2027, 2028",Supplemental,SEA,False
Sota Kitahara,Homegrown Player,,2024,"2025, 2026",Supplemental,SEA,False
Braudilio Rodrigues,,,2024,"2025, 2026",Supplemental,SEA,True
Paul Rothrock,,,2024,2025,Supplemental,SEA,False
Dylan Teves,Homegrown Player,,2024,2025,Supplemental,SEA,False
Obed Vargas,Homegrown Player,,2025,2026,Supplemental,SEA,False
William Agada,,,2024,2025,Main,SKC,True
Zorhan Bassong,,,2024,"2025, 2026",Main,SKC,True
Joaquin Fernandez,,,2025,,Main,SKC,True
Andreu Fontàs,,,2024,,Main,SKC,False
Tim Leibold,,,2025,2026,Main,SKC,True
Tim Melia,,,2024,,Main,SKC,False
Logan Ndenbe,U22 Initiative,,2024,2025,Main,SKC,False
Alan Pulido,Designated Player,,2026,,Main,SKC,False
John Pulskamp,,,2025,2026,Main,SKC,False
Nemanja Radoja,Designated Player,,2025,2026,Main,SKC,False
Dany Rosero,TAM Player,,2025,2026,Main,SKC,False
Johnny Russell,TAM Player,,2024,,Main,SKC,False
Dániel Sallói,Designated Player,,2026,,Main,SKC,False
Khiry Shelton,,,2025,2026,Main,SKC,False
Erik Thommy,TAM Player,,2024,2025,Main,SKC,False
Robert Voloder,U22 Initiative,,2024,2025,Main,SKC,False
Rémi Walter,TAM Player,,2024,,Main,SKC,False
Stephen Afrifa,,,2024,"2025, 2026",Supplemental,SKC,False
Robert Castellanos,,,2024,2025,Supplemental,SKC,False
Ozzie Cisneros,Homegrown Player,Unavailable - On Loan,2024,2025,Supplemental,SKC,False
Jake Davis,Homegrown Player,,2027,2028,Supplemental,SKC,False
Danny Flores,,,2024,"2025, 2026",Supplemental,SKC,False
Chris Rindov,,,2024,"2025, 2026",Supplemental,SKC,False
Memo Rodríguez,,,2024,2025,Supplemental,SKC,False
Ryan Schewe,,,2024,"2025, 2026, 2027",Supplemental,SKC,False
Alenis Vargas,,,2026,2027,Supplemental,SKC,True
Rasmus Alm,,,2025,2026,Main,STL,True
Simon Becher,,Loan Player,June 2025,PT: 2026; 2027,Main,STL,False
Njabulo Blom,,Unavailable - On Loan,2025,2026,Main,STL,True
Roman Bürki,Designated Player,,2025,,Main,STL,True
Chris Durkin,U22 Initiative,,2024,"2025, 2026",Main,STL,False
Jake Girdwood-Reich,U22 Initiative,,2027,2028,Main,STL,True
Marcel Hartel,Designated Player,,June 2028,2028,Main,STL,True
Kyle Hiebert,,,2026,2027,Main,STL,False
Jannes Horn,,Loan Player,June 2025,PT: June 2026; 2026,Main,STL,True
Henry Kessler,TAM Player,,2025,2026,Main,STL,False
João Klauss,Designated Player,,2025,2026,Main,STL,True
Eduard Löwen,TAM Player,,2026,2027,Main,STL,False
Ben Lundt,,,2024,2025,Main,STL,False
Jake Nerwinski,,,2024,2025,Main,STL,False
Joakim Nilsson,TAM Player,,2026,2027,Main,STL,False
Tomas Ostrak,TAM Player,Unavailable - SEI,2026,2027,Main,STL,True
Selmir Pidro,,Unavailable - On Loan,2025,,Main,STL,True
Cedric Teuchert,TAM Player,,June 2026,2026,Main,STL,True
Nökkvi Thórisson,,,2025,2026,Main,STL,True
Tomas Totland,,,2026,2027,Main,STL,False
Indiana Vassilev,,,2024,"2025, 2026",Main,STL,False
Caden Glover,Homegrown Player,,2027,,Supplemental,STL,False
Hosei Kijima,,,2024,"2025, 2026, 2027",Supplemental,STL,True
John Klein,,,2024,"2025, 2026",Supplemental,STL,False
Christian Olivares,,,2025,"2026, 2027",Supplemental,STL,False
Miguel Perez,Homegrown Player,Unavailable - On Loan,2025,"2026, 2027",Supplemental,STL,False
Celio Pompeu,,Unavailable - SEI,2026,2027,Supplemental,STL,False
Jayden Reid,,,2024,"2025, 2026",Supplemental,STL,False
Akil Watts,,,2024,"2025, 2026",Supplemental,STL,False
Michael Wentzel,,,2024,"2025, 2026",Supplemental,STL,False
Josh Yaro,,,2024,,Supplemental,STL,False
Tyson Pearce,Homegrown Player,,2027,2028,Off,STL,False
Federico Bernardeschi,Designated Player,,2026,2028,Main,TOR,False
Alonso Coello,,,2024,2025,Main,TOR,True
Derrick Etienne Jr,,,2025,"2026, 2027",Main,TOR,False
Deybi Flores,TAM Player,,2025,2026,Main,TOR,True
Kobe Franklin,Homegrown Player,,2024,"2025, 2026",Main,TOR,False
Lorenzo Insigne,Designated Player,,June 2026,2026,Main,TOR,False
Sean Johnson,TAM Player,,2025,2026,Main,TOR,False
Richie Laryea,Designated Player,,2026,2027,Main,TOR,False
Kevin Long,,,2024,2025,Main,TOR,True
Matty Longstaff,,,2025,2026,Main,TOR,True
Cassius Mailula,U22 Initiative,Unavailable - On Loan,2026,2027,Main,TOR,True
Shane O'Neill,,,2024,2025,Main,TOR,False
Jonathan Osorio,TAM Player,,2026,,Main,TOR,False
Prince Owusu,TAM Player,,2024,2025,Main,TOR,True
Raoul Petretta,TAM Player,,2025,2026,Main,TOR,False
Gregory Ranjitsingh,,,2024,2025,Main,TOR,False
Sigurd Rosted,TAM Player,,2025,2026,Main,TOR,True
Brandon Servania,,,2024,2025,Main,TOR,False
Henry Wingo,,,2026,2027,Main,TOR,False
Nathaniel Edwards,,,2025,"2026, 2027",Supplemental,TOR,False
Luka Gavran,,,2024,2025,Supplemental,TOR,False
Nicksoen Gomis,,,2025,"2026, 2027",Supplemental,TOR,True
Deandre Kerr,Homegrown Player,,2024,"2025, 2026",Supplemental,TOR,False
Aime Mabika,,,2024,2025,Supplemental,TOR,False
Hugo Mbongue,Homegrown Player,Unavailable - On Loan,2025,2026,Supplemental,TOR,False
Adam Pearlman,Homegrown Player,,2027,2028,Supplemental,TOR,False
Charlie Sharp,,,2025,"2026, 2027",Supplemental,TOR,False
Tyrese Spicer,,,2024,"2025, 2026, 2027",Supplemental,TOR,True
Kosi Thompson,Homegrown Player,,2024,"2025, 2026",Supplemental,TOR,False
Luke Singh,Homegrown Player,Unavailable - On Loan,2024,2025,Supplemental31,TOR,False
Lazar Stefanovic,Homegrown Player,,2028,2029,Off,TOR,False
Sam Adekugbe,TAM Player,,2026.0,2027,Main,VAN,False
Stuart Armstrong,Designated Player,,2026.0,,Main,VAN,True
Sebastian Berhalter,,,2025.0,2026,Main,VAN,False
Tristan Blackmon,TAM Player,,2027.0,,Main,VAN,False
Déiber Caicedo,U22 Initiative,,2024.0,2025,Main,VAN,True
Andrés Cubas,Designated Player,,2026.0,2027,Main,VAN,False
Ryan Gauld,Designated Player,,2027.0,,Main,VAN,False
Bjørn Inge Utvik,,,2025.0,2026,Main,VAN,True
Damir Kreilach,,,2025.0,,Main,VAN,False
Mathias Laborda,TAM Player,,2025.0,2026,Main,VAN,True
Édier Ocampo,U22 Initiative,,2027.0,2028,Main,VAN,True
Fafa Picault,,,2024.0,2025,Main,VAN,False
Ryan Raposo,,,2024.0,,Main,VAN,False
Alessandro Schöpf,TAM Player,,2024.0,2025,Main,VAN,True
Yohei Takaoka,TAM Player,,2024.0,2025,Main,VAN,True
Ranko Veselinović,,,2026.0,2027,Main,VAN,False
Pedro Vite,U22 Initiative,,2025.0,,Main,VAN,True
Brian White,,,2025.0,2026,Main,VAN,False
Ali Ahmed,,,2025.0,2026,Supplemental,VAN,False
Max Anchor,Homegrown Player,,2025.0,"2026, 2027",Supplemental,VAN,False
Jeevan Badwal,Homegrown Player,,2027.0,"2028, 2029",Supplemental,VAN,False
Joe Bendik,,,2024.0,2025,Supplemental,VAN,False
Isaac Boehmer,Homegrown Player,,2024.0,2025,Supplemental,VAN,False
Giuseppe Bovalina,Special Discovery Player,,2026.0,"2027, 2028",Supplemental,VAN,True
Nicolas Fleuriau Chateau,,,2025.0,"2026, 2027",Supplemental,VAN,False
Belal Halbouni,,,2025.0,2026,Supplemental,VAN,False
Levonte Johnson,,,2024.0,2025,Supplemental,VAN,False
Ralph Priso,Homegrown Player,,2024.0,2025,Supplemental,VAN,False
J.C. Ngando,Generation adidas,Unavailable - On Loan,2024.0,"2025, 2026",Supplemental31,VAN,True
